refit_origin,n_train,phi_1,theta_1,sigma2,aic,converged
2019-11-09,866,0.5202585232558341,-1.0060894439765045,0.20423883436920826,1137.6810023363412,True
2020-02-07,953,0.5388983562547253,-0.9930721856057677,0.1982655764361684,1209.9870728677897,True
2020-05-07,1039,0.5434773811285608,-0.9890140742509658,0.19113547430786967,1278.5395376979413,True
2020-08-05,1117,0.5434295955475983,-0.9887018172560414,0.18341694314569398,1327.4936663243986,True
2020-11-03,1189,0.5464351190312556,-1.0114816930981416,0.17500427444493008,1384.5509533846255,True
2021-02-01,1268,0.5499932615994848,-0.9878939408926575,0.1761151620452674,1454.8153098104835,True
2021-05-02,1337,0.5490091123308308,-0.9858739324573795,0.17113339365742203,1496.0323213038462,True
2021-07-31,1376,0.553059246883017,-0.9862350710242095,0.16940334259413076,1530.7073546328893,True
2021-10-29,1453,0.549162375050147,-0.9843172830728618,0.1684050798699716,1605.7196301221593,True
2022-01-27,1540,0.5633407118677893,-1.0133050325092527,0.1593105565765205,1655.5886802931086,True
2022-04-27,1623,0.5621348528575361,-0.9849549967384801,0.158980463963264,1696.2456278938648,True
2022-07-26,1684,0.5619698327094946,-0.9854924961786933,0.1571418135567267,1739.0534871875984,True
2022-10-24,1770,0.5754014308983119,-0.984706929661801,0.15751762913726225,1831.7528985117692,True
2023-01-22,1850,0.5824588415165147,-0.9863957417870848,0.15457670846871752,1878.8439728689566,True
2023-04-22,1895,0.5810030380874429,-0.9869474853570862,0.15359628290525273,1911.7310955764651,True
2023-07-21,1983,0.5750383252757892,-0.9868622303950133,0.15305841992894303,1989.476915375616,True
2023-10-19,2072,0.5800194870795812,-0.9875551123328091,0.15044510226370866,2040.4932682304093,True
2024-01-17,2162,0.5812591454994372,-0.9860577272351779,0.14680694170793387,2073.1805452770086,True
2024-04-16,2247,0.5810690887771435,-0.9865540749544927,0.145198184868073,2127.1989021576883,True
2024-07-15,2336,0.5837757526954188,-0.9870096784385861,0.14393082811678168,2188.267800155686,True
2024-10-13,2426,0.5844755619489642,-0.98618831456581,0.14337970635871963,2260.2754747760346,True
2025-01-11,2514,0.5907505938362871,-0.9874380725785818,0.14098556484246455,2298.1677855729645,True
2025-04-11,2604,0.5913318599955182,-0.987612715685091,0.1386630772766005,2334.008492508856,True
2025-07-10,2693,0.5883414976659013,-0.987454159025519,0.13774163233964806,2392.5720501762894,True
2025-10-08,2783,0.5860884592240484,-0.9871705105687035,0.13621275791289145,2438.181487725182,True
2026-01-06,2867,0.5869676837605968,-0.987407882044562,0.13433450320870882,2470.8805397187343,True
2026-04-06,2957,0.586990154814819,-0.9875156549021099,0.1317914202471332,2489.128054905448,True
2026-07-05,3041,0.5878708504338149,-0.9877093319311444,0.1297813888847084,2511.011183725554,True
