fourier_k,label,seed,horizon,rMAE,MAE,n
2,K=2 (report default),0,1,0.9124601519887708,18.362250583796616,524
2,K=2 (report default),0,2,0.9012979907030727,23.355933405036748,524
2,K=2 (report default),0,3,0.86065104603846,24.972496360252094,524
2,K=2 (report default),1,1,0.9309251646164489,18.733838524555882,524
2,K=2 (report default),1,2,0.8851549670434914,22.93760851200664,524
2,K=2 (report default),1,3,0.87209565691453,25.30457113639126,524
2,K=2 (report default),2,1,0.8981676439854587,18.074629680181566,524
2,K=2 (report default),2,2,0.8720159687641867,22.597128923695397,524
2,K=2 (report default),2,3,0.8420065535127588,24.431511109749053,524
4,K=4 (matches ARIMA),0,1,0.9062141852581251,18.236557416816996,524
4,K=4 (matches ARIMA),0,2,0.881650861924224,22.846804308897283,524
4,K=4 (matches ARIMA),0,3,0.8473185200512436,24.585642177919702,524
4,K=4 (matches ARIMA),1,1,0.9133567244527034,18.38029311224389,524
4,K=4 (matches ARIMA),1,2,0.89276546465565,23.134824390930447,524
4,K=4 (matches ARIMA),1,3,0.79895680434444,23.182387310546044,524
4,K=4 (matches ARIMA),2,1,0.919875336894552,18.511472972378048,524
4,K=4 (matches ARIMA),2,2,0.8674847612899823,22.479708735141145,524
4,K=4 (matches ARIMA),2,3,0.8095409313444198,23.489494440898188,524
