sweep,hidden,seq_len,seed,horizon,rMAE,MAE,n
default,24,30,0,1,0.9124601519887708,18.362250583796616,524
default,24,30,0,2,0.9012979907030727,23.355933405036748,524
default,24,30,0,3,0.86065104603846,24.972496360252094,524
default,24,30,1,1,0.9309251646164489,18.733838524555882,524
default,24,30,1,2,0.8851549670434914,22.93760851200664,524
default,24,30,1,3,0.87209565691453,25.30457113639126,524
default,24,30,2,1,0.8981676439854587,18.074629680181566,524
default,24,30,2,2,0.8720159687641867,22.597128923695397,524
default,24,30,2,3,0.8420065535127588,24.431511109749053,524
hidden,12,30,0,1,0.935487576892242,18.825652021607898,524
hidden,12,30,0,2,0.8838806683570992,22.90458676385619,524
hidden,12,30,0,3,0.8525000746219933,24.73598923582906,524
hidden,12,30,1,1,0.9458911121440591,19.03501165318727,524
hidden,12,30,1,2,0.8799285050075479,22.8021717302601,524
hidden,12,30,1,3,0.8516161808207766,24.710342331854058,524
hidden,12,30,2,1,0.9003812198752386,18.119175444822133,524
hidden,12,30,2,2,0.9330668241209086,24.17918028377868,524
hidden,12,30,2,3,0.8637755100355524,25.06315524709628,524
hidden,48,30,0,1,0.931108167904805,18.737521263173157,524
hidden,48,30,0,2,0.8972929229975883,23.252147425730406,524
hidden,48,30,0,3,0.8361478632733469,24.261516404748697,524
hidden,48,30,1,1,0.9232155743368241,18.57869155369439,524
hidden,48,30,1,2,0.8851393569775934,22.937203998002033,524
hidden,48,30,1,3,0.8632386056220941,25.047576524950287,524
hidden,48,30,2,1,0.9186378580060063,18.486570079474607,524
hidden,48,30,2,2,0.8831420844500836,22.885447348563773,524
hidden,48,30,2,3,0.8501728222839251,24.66846209947187,524
seq_len,24,15,0,1,0.9124738094750322,18.36252542559056,524
seq_len,24,15,0,2,0.9285934968459563,24.06325998326717,524
seq_len,24,15,0,3,0.852981619666282,24.749961660450108,524
seq_len,24,15,1,1,0.9388410807144596,18.89313757413648,524
seq_len,24,15,1,2,0.8874682493856182,22.997554133640186,524
seq_len,24,15,1,3,0.8382926381734899,24.32374880850155,524
seq_len,24,15,2,1,0.9153369688319015,18.420143338501703,524
seq_len,24,15,2,2,0.9397393037241198,24.35208867907811,524
seq_len,24,15,2,3,0.8261506007931171,23.971437630024397,524
seq_len,24,45,0,1,0.9186380291153374,18.4865735228605,524
seq_len,24,45,0,2,0.9177548464747551,23.782390838010585,524
seq_len,24,45,0,3,0.8282553773242493,24.03250944827731,524
seq_len,24,45,1,1,0.9142989450981803,18.399254259818132,524
seq_len,24,45,1,2,0.907405939924113,23.514212749625855,524
seq_len,24,45,1,3,0.8504963616015866,24.677849858273643,524
seq_len,24,45,2,1,0.90189813554779,18.149701693703435,524
seq_len,24,45,2,2,0.8957425923143782,23.211972677127456,524
seq_len,24,45,2,3,0.828723120721208,24.0460814067753,524
seq_len,24,60,0,1,0.9111049628142317,18.33497890167757,524
seq_len,24,60,0,2,0.967285881152793,25.065921434279197,524
seq_len,24,60,0,3,0.859257685107998,24.93206684944787,524
seq_len,24,60,1,1,0.9116711073789173,18.346371934393304,524
seq_len,24,60,1,2,0.9426047816468884,24.426343711518136,524
seq_len,24,60,1,3,0.8477419865669934,24.597929406375332,524
seq_len,24,60,2,1,0.9120014886778015,18.353020492344122,524
seq_len,24,60,2,2,0.8834102846158401,22.89239739757669,524
seq_len,24,60,2,3,0.8456021786725224,24.53584112436803,524
